Flight_ID,Flight_Date,Airline,Flight_Number,Origin_Airport,Destination_Airport,Scheduled_Departure,Actual_Departure,Departure_Delay_Min,Cancelled
30000,29-02-2024,SpiceJet,SG661, BLR, BLR,14:11,15:01,50, YES
30001,22-01-2024,Vistara ,AI288,DEL ,MAA,19:22,21:07,105,NO 
30002,06-01-2024,SpiceJet,AI581,HYD , BLR,17:01,18:16,75, YES
30003,08-02-2024,SpiceJet,6E346,HYD ,HYD ,21:42,22:18,36,NO
30004,21-02-2024,Indigo ,AI875,BOM,BOM,20:45,21:21,36,NO
30005,10-03-2024,Vistara ,6E787,HYD ,HYD ,09:47,11:24,97,NO 
30006,20-02-2024,SpiceJet,AI361,DEL ,MAA,17:42,17:43,1,NO 
30007,11-01-2024,SpiceJet,6E519,HYD ,DEL ,04:42,06:36,114, YES
30008,28-02-2024,Air India,6E644,HYD ,DEL ,03:21,05:17,116,NO
30009,10-02-2024,Air India,6E875,DEL , BLR,01:10,01:19,9,NO 
30010,11-01-2024,SpiceJet,AI658,BOM, BLR,23:07,23:32,25, YES
30011,01-03-2024,Indigo ,SG568,BOM,MAA,18:11,18:39,28, YES
30012,24-02-2024,SpiceJet,AI679,HYD ,BOM,10:58,12:35,97,NO 
30013,13-02-2024,SpiceJet,6E748,MAA, BLR,22:50,23:24,34,NO 
30014,15-02-2024,Air India,AI167,BOM,HYD ,13:25,13:32,7,NO 
30015,03-01-2024,SpiceJet,AI254,MAA,HYD ,20:45,22:24,99, YES
30016,21-02-2024,SpiceJet,6E370,HYD ,BOM,16:35,18:10,95, YES
30017,16-01-2024,Indigo ,SG430,DEL ,MAA,16:05,16:46,41, YES
30018,16-01-2024,Indigo ,6E142,BOM,MAA,18:58,20:41,103,NO
30019,05-02-2024,Indigo ,AI565,HYD ,MAA,03:42,04:35,53,NO
30020,18-01-2024,Vistara ,6E821,HYD ,MAA,15:44,16:14,30,NO
30021,09-01-2024,SpiceJet,SG163, BLR,HYD ,12:29,13:03,34, YES
30022,27-02-2024,SpiceJet,AI717,DEL ,HYD ,15:55,16:00,5,NO 
30023,01-02-2024,SpiceJet,SG638,BOM,BOM,13:35,15:29,114, YES
30024,24-02-2024,Indigo ,SG972,MAA,HYD ,20:19,21:33,74,NO
30025,28-01-2024,Indigo ,SG208,DEL ,HYD ,15:28,15:33,5,NO 
30026,09-02-2024,Air India,AI663,HYD , BLR,01:07,01:14,7, YES
30027,31-01-2024,Air India,SG320,HYD ,MAA,13:06,15:03,117, YES
30028,23-01-2024,Air India,AI789,DEL ,BOM,17:47,18:18,31, YES
30029,16-02-2024,SpiceJet,SG696, BLR,MAA,07:35,09:02,87,NO 
30030,04-01-2024,Air India,6E734,MAA, BLR,02:45,04:19,94,NO
30031,01-02-2024,Air India,SG883,DEL ,MAA,01:27,02:55,88,NO 
30032,02-01-2024,Air India,6E+111,HYD ,BOM,09:25,09:30,5,NO 
30033,04-01-2024,Vistara ,6E+218,MAA,DEL ,04:21,05:02,41,NO
30034,05-03-2024,Air India,SG961,MAA,HYD ,08:00,08:51,51,NO 
30035,06-01-2024,Indigo ,AI624,DEL ,BOM,09:49,10:13,24,NO 
30036,09-03-2024,Air India,6E387,BOM,MAA,20:24,21:28,64, YES
30037,24-02-2024,Indigo ,AI237,BOM,MAA,23:58,01:49,111,NO
30038,24-01-2024,Indigo ,AI165,BOM, BLR,06:18,07:50,92,NO 
30039,03-02-2024,Indigo ,SG488,BOM,MAA,22:06,22:02,-4, YES
30040,19-02-2024,SpiceJet,6E878,BOM,BOM,17:36,17:36,0,NO
30041,27-01-2024,Air India,SG325,MAA,DEL ,02:05,03:27,82,NO
30042,21-01-2024,SpiceJet,6E802,HYD , BLR,06:28,08:27,119,NO 
30043,04-02-2024,Indigo ,SG677,BOM,BOM,10:05,12:01,116,NO 
30044,05-02-2024,Vistara ,6E+297,MAA,MAA,00:34,01:42,68,NO 
30045,23-01-2024,Vistara ,SG111,DEL , BLR,08:34,08:44,10,NO
30046,21-02-2024,SpiceJet,AI329,MAA,HYD ,13:19,15:18,119,NO
30047,22-01-2024,Air India,6E515,DEL , BLR,06:26,07:17,51,NO 
30048,15-01-2024,Vistara ,SG996,BOM,DEL ,07:31,08:39,68,NO
30049,03-02-2024,SpiceJet,AI149,HYD ,HYD ,08:57,09:38,41,NO 
30050,15-02-2024,Indigo ,AI204,BOM,BOM,06:31,06:36,5,NO 
30051,09-03-2024,Indigo ,6E934,DEL ,HYD ,09:36,10:11,35,NO
30052,04-02-2024,Indigo ,6E342,MAA,DEL ,04:55,05:56,61,NO 
30053,19-01-2024,Air India,6E+254, BLR,BOM,18:43,18:57,14,NO
30054,06-02-2024,Indigo ,6E713,HYD ,DEL ,00:26,01:49,83, YES
30055,20-02-2024,Air India,SG541,HYD ,HYD ,08:27,08:39,12,NO
30056,14-02-2024,SpiceJet,AI262,HYD , BLR,08:39,08:56,17,NO 
30057,19-02-2024,Vistara ,SG981,HYD , BLR,21:25,22:49,84, YES
30058,06-03-2024,Air India,6E390,DEL ,DEL ,08:57,09:09,12,NO
30059,15-01-2024,Vistara ,SG728,BOM, BLR,03:57,04:57,60,NO
30060,02-02-2024,Indigo ,6E968,HYD ,MAA,05:02,06:07,65,NO
30061,27-01-2024,Vistara ,6E398,DEL ,HYD ,00:37,01:55,78,NO 
30062,20-01-2024,Vistara ,SG152, BLR,DEL ,20:28,21:34,66, YES
30063,11-02-2024,SpiceJet,6E570, BLR,DEL ,16:00,16:49,49, YES
30064,12-02-2024,Indigo ,6E+143,HYD , BLR,02:40,03:37,57,NO
30065,19-01-2024,SpiceJet,SG950,MAA,BOM,10:17,11:33,76, YES
30066,04-03-2024,Air India,AI134,HYD ,DEL ,00:54,01:09,15,NO
30067,12-02-2024,SpiceJet,SG301,DEL , BLR,21:54,23:10,76, YES
30068,02-02-2024,Indigo ,SG290,BOM,BOM,20:37,20:52,15,NO
30069,17-01-2024,Vistara ,AI365,DEL ,HYD ,04:29,05:28,59, YES
30070,04-01-2024,Air India,SG694, BLR,DEL ,20:12,22:12,120, YES
30071,28-02-2024,Vistara ,AI104,MAA,BOM,08:15,08:23,8,NO 
30072,12-01-2024,Vistara ,SG977,MAA,DEL ,15:54,16:27,33, YES
30073,26-02-2024,Vistara ,SG654,DEL ,BOM,13:10,14:12,62,NO
30074,20-02-2024,Air India,6E490, BLR,MAA,03:08,03:27,19,NO
30075,28-01-2024,Indigo ,SG111,BOM,HYD ,01:09,03:06,117,NO
30076,15-02-2024,Indigo ,6E402, BLR,HYD ,12:02,12:29,27,NO 
30077,06-02-2024,SpiceJet,SG652,HYD ,DEL ,11:10,12:21,71,NO 
30078,17-02-2024,Indigo ,6E+204,BOM, BLR,03:44,03:50,6,NO
30079,25-02-2024,SpiceJet,AI850,DEL ,BOM,21:14,21:50,36, YES
30080,21-02-2024,SpiceJet,SG714,BOM,DEL ,22:12,23:36,84,NO
30081,22-02-2024,Indigo ,SG910,MAA,BOM,11:31,12:41,70,NO 
30082,13-01-2024,Indigo ,6E679,MAA,BOM,07:36,09:04,88,NO 
30083,07-03-2024,Air India,AI552,HYD ,HYD ,15:19,16:39,80, YES
30084,26-01-2024,Air India,SG126,MAA,MAA,12:52,14:36,104, YES
30085,03-02-2024,Air India,SG817,DEL ,HYD ,19:56,20:33,37, YES
30086,17-01-2024,Indigo ,SG534,DEL ,DEL ,05:24,06:19,55,NO
30087,09-03-2024,Vistara ,AI417,BOM,HYD ,12:25,13:34,69,NO 
30088,09-02-2024,SpiceJet,AI363, BLR,HYD ,21:53,23:51,118,NO
30089,29-02-2024,Vistara ,AI664,MAA,BOM,10:09,10:08,-1,NO 
30090,01-01-2024,Air India,6E+272, BLR,MAA,11:59,12:27,28,NO 
30091,27-02-2024,Air India,SG606, BLR,MAA,14:30,15:58,88, YES
30092,08-02-2024,Air India,AI749, BLR,HYD ,00:54,01:52,58,NO
30093,07-02-2024,Vistara ,SG301,BOM,BOM,14:29,15:05,36,NO 
30094,22-02-2024,Indigo ,AI416,BOM,HYD ,11:27,12:43,76,NO
30095,06-02-2024,Indigo ,SG208,MAA,DEL ,12:52,13:46,54,NO 
30096,04-03-2024,Indigo ,60,DEL ,BOM,15:23,16:38,75,NO 
30097,02-02-2024,Air India,6E+123,DEL ,MAA,20:30,21:24,54, YES
30098,23-01-2024,Air India,AI381, BLR, BLR,00:48,02:11,83,NO 
30099,01-03-2024,Indigo ,6E946, BLR,MAA,18:15,19:00,45,NO
30100,01-01-2024,Indigo ,6E418,HYD ,BOM,23:48,00:18,30,NO 
30101,29-01-2024,Air India,SG422,DEL , BLR,03:46,05:39,113, YES
30102,10-02-2024,Air India,6E633,DEL ,HYD ,10:02,10:20,18,NO 
30103,01-02-2024,Air India,6E+198,MAA,BOM,21:50,22:13,23, YES
30104,16-01-2024,Air India,6E+170, BLR, BLR,20:32,20:56,24, YES
30105,04-03-2024,Air India,AI608, BLR, BLR,22:24,23:21,57,NO 
30106,12-02-2024,Air India,SG605,BOM,HYD ,21:02,22:45,103,NO
30107,20-02-2024,Indigo ,AI858,BOM,BOM,21:30,23:11,101,NO
30108,03-03-2024,Vistara ,6E+269,MAA,MAA,20:28,22:09,101, YES
30109,21-01-2024,SpiceJet,AI433,HYD ,BOM,14:25,15:30,65,NO 
30110,02-02-2024,Indigo ,SG887,BOM,HYD ,23:34,00:07,33, YES
30111,08-02-2024,SpiceJet,6E813, BLR,BOM,04:18,04:26,8,NO 
30112,15-01-2024,Air India,AI368,MAA,HYD ,19:51,21:37,106,NO 
30113,28-02-2024,Indigo ,AI886, BLR,DEL ,05:38,07:31,113,NO 
30114,13-01-2024,Indigo ,AI923, BLR,DEL ,14:44,16:15,91, YES
30115,09-03-2024,Vistara ,SG351,MAA,BOM,15:31,16:16,45,NO
30116,26-01-2024,Vistara ,SG317,MAA, BLR,18:55,20:49,114, YES
30117,07-01-2024,Vistara ,AI426,MAA,HYD ,23:13,23:49,36, YES
30118,11-01-2024,Indigo ,SG669, BLR,BOM,20:36,22:18,102,NO 
30119,01-01-2024,Air India,AI278,MAA,HYD ,03:43,05:38,115, YES
30120,04-03-2024,Vistara ,AI179,MAA,BOM,05:55,07:30,95,NO
30121,04-02-2024,Indigo ,AI618,HYD ,HYD ,09:14,11:14,120, YES
30122,21-02-2024,SpiceJet,SG659,BOM,BOM,04:11,04:49,38,NO
30123,09-03-2024,Indigo ,AI111,HYD ,MAA,07:39,09:24,105,NO
30124,27-02-2024,Vistara ,SG335,BOM,HYD ,05:04,05:33,29,NO 
30125,29-01-2024,Indigo ,AI265,MAA,HYD ,14:27,16:01,94,NO
30126,04-02-2024,Air India,SG199,DEL ,HYD ,13:46,14:03,17, YES
30127,27-01-2024,Vistara ,SG707,DEL ,MAA,16:04,17:29,85,NO 
30128,06-03-2024,Indigo ,6E604,HYD ,DEL ,02:01,03:54,113,NO 
30129,07-02-2024,SpiceJet,SG122,MAA,HYD ,15:50,17:49,119,NO 
30130,15-01-2024,Indigo ,AI209,HYD ,MAA,21:39,23:39,120,NO 
30131,09-01-2024,SpiceJet,AI593,HYD , BLR,18:54,19:44,50,NO 
30132,22-01-2024,Air India,SG461,BOM,DEL ,14:34,16:00,86,NO
30133,25-02-2024,Indigo ,SG379, BLR,HYD ,04:59,05:47,48, YES
30134,21-02-2024,Air India,AI192,MAA, BLR,16:13,16:14,1,NO 
30135,13-01-2024,Indigo ,6E822,HYD ,BOM,23:09,00:39,90,NO 
30136,04-01-2024,Air India,SG550,DEL ,MAA,02:50,03:51,61,NO
30137,14-01-2024,Indigo ,SG687,DEL ,HYD ,15:27,16:17,50,NO
30138,26-01-2024,Vistara ,SG279, BLR,BOM,02:58,03:00,2, YES
30139,19-02-2024,Air India,6E655, BLR,DEL ,18:39,20:28,109,NO
30140,05-01-2024,Vistara ,SG353,DEL ,DEL ,06:35,07:59,84,NO 
30141,06-03-2024,Air India,6E491,BOM, BLR,18:57,20:40,103, YES
30142,02-02-2024,SpiceJet,6E544, BLR,MAA,19:34,20:02,28, YES
30143,19-01-2024,Air India,6E850,DEL ,MAA,13:16,14:02,46,NO 
30144,04-03-2024,SpiceJet,6E728,HYD ,HYD ,16:40,16:53,13,NO
30145,02-02-2024,Air India,SG776,BOM, BLR,16:32,16:38,6, YES
30146,10-03-2024,Vistara ,AI735,HYD ,HYD ,00:32,02:05,93, YES
30147,22-02-2024,Indigo ,AI609,DEL ,MAA,04:05,04:28,23,NO
30148,10-02-2024,Indigo ,SG380,DEL ,MAA,07:47,08:37,50, YES
30149,07-02-2024,Indigo ,6E+169,DEL , BLR,16:47,18:39,112, YES
30150,21-01-2024,Vistara ,AI7,DEL ,MAA,05:11,07:00,109,NO 
30151,24-01-2024,Air India,SG258,BOM,HYD ,07:31,07:29,-2,NO 
30152,06-03-2024,Vistara ,6E915,BOM,MAA,14:24,14:40,16,NO
30153,28-01-2024,Air India,AI447,HYD ,HYD ,09:01,10:22,81,NO
30154,26-01-2024,SpiceJet,6E388,HYD ,MAA,19:52,21:49,117,NO
30155,28-02-2024,SpiceJet,AI937,HYD ,BOM,15:51,16:07,16, YES
30156,04-03-2024,Vistara ,6E+305,DEL ,HYD ,23:10,00:19,69, YES
30157,13-02-2024,Indigo ,AI291,MAA,MAA,12:00,12:20,20, YES
30158,24-01-2024,SpiceJet,AI464, BLR,DEL ,03:10,05:10,120,NO
30159,04-02-2024,SpiceJet,AI667,DEL ,HYD ,00:00,00:46,46, YES
30160,09-02-2024,Air India,SG397,MAA,DEL ,20:04,20:44,40,NO 
30161,19-01-2024,Vistara ,AI657,DEL ,HYD ,18:30,20:29,119,NO 
30162,14-02-2024,Air India,AI127, BLR, BLR,10:32,11:44,72, YES
30163,06-03-2024,Vistara ,6E506,MAA,DEL ,05:44,05:58,14,NO
30164,06-01-2024,Indigo ,6E976,HYD ,BOM,05:02,04:57,-5,NO
30165,26-01-2024,SpiceJet,AI221,MAA,MAA,19:53,21:33,100,NO
30166,15-02-2024,Air India,SG890,MAA,MAA,09:45,11:24,99,NO 
30167,10-02-2024,SpiceJet,AI384,MAA,MAA,23:06,01:01,115,NO 
30168,20-01-2024,SpiceJet,AI655,MAA, BLR,01:13,03:05,112,NO 
30169,12-02-2024,Vistara ,6E370,BOM,HYD ,22:10,23:00,50,NO 
30170,27-02-2024,Air India,AI458,MAA,DEL ,09:58,10:57,59, YES
30171,01-01-2024,SpiceJet,6E817, BLR,HYD ,09:52,09:57,5,NO
30172,18-01-2024,SpiceJet,AI372, BLR,DEL ,14:09,14:40,31,NO
30173,26-02-2024,Indigo ,SG257,MAA, BLR,19:14,20:27,73, YES
30174,09-02-2024,Indigo ,6E953,HYD , BLR,06:17,07:41,84, YES
30175,13-02-2024,SpiceJet,AI882,DEL ,BOM,02:01,02:39,38,NO
30176,20-02-2024,SpiceJet,SG907,BOM,HYD ,05:53,06:16,23, YES
30177,09-03-2024,Air India,AI631,DEL ,MAA,19:38,20:32,54, YES
30178,25-01-2024,SpiceJet,SG412,MAA, BLR,06:05,07:26,81,NO 
30179,26-02-2024,Air India,SG105,DEL ,DEL ,04:59,06:38,99,NO
30180,11-02-2024,Air India,AI605,MAA,BOM,08:32,10:02,90, YES
30181,16-01-2024,SpiceJet,SG382,MAA,HYD ,22:01,23:12,71,NO
30182,22-01-2024,SpiceJet,6E+281,DEL ,MAA,20:05,21:15,70, YES
30183,31-01-2024,Air India,SG718,MAA,MAA,00:51,00:48,-3,NO 
30184,28-02-2024,Indigo ,SG497,DEL ,BOM,01:47,02:46,59,NO 
30185,03-02-2024,Air India,6E862,BOM, BLR,20:33,21:24,51,NO 
30186,04-01-2024,SpiceJet,SG273, BLR,MAA,04:07,05:40,93, YES
30187,07-03-2024,SpiceJet,SG556,DEL , BLR,20:53,21:51,58,NO
30188,19-02-2024,Vistara ,6E444,MAA, BLR,09:43,09:47,4, YES
30189,21-01-2024,Indigo ,SG241,BOM, BLR,14:35,14:49,14,NO
30190,11-02-2024,Indigo ,SG249, BLR,MAA,22:44,00:23,99,NO
30191,15-01-2024,Indigo ,AI182,BOM,BOM,09:39,10:45,66,NO 
30192,28-01-2024,Indigo ,SG650,HYD ,BOM,12:21,14:02,101, YES
30193,02-01-2024,Air India,6E356,BOM,HYD ,08:20,08:40,20, YES
30194,15-02-2024,Indigo ,6E635, BLR,BOM,11:18,12:19,61, YES
30195,23-02-2024,Indigo ,AI682,BOM,HYD ,09:40,10:06,26,NO 
30196,30-01-2024,Air India,6E670, BLR,DEL ,04:55,05:54,59,NO 
30197,19-01-2024,Vistara ,SG919,HYD ,BOM,04:48,06:16,88,NO 
30198,20-02-2024,Indigo ,SG932, BLR,BOM,09:09,10:41,92,NO
30199,10-03-2024,Vistara ,SG489,MAA,DEL ,10:38,10:52,14,NO
30200,04-02-2024,Indigo ,SG120, BLR,HYD ,05:00,06:14,74,NO
30201,08-01-2024,SpiceJet,AI478,BOM,HYD ,21:17,21:31,14,NO 
30202,12-01-2024,Air India,SG158,HYD ,HYD ,11:36,11:42,6, YES
30203,12-01-2024,Air India,6E966,DEL ,HYD ,05:25,06:10,45, YES
30204,11-02-2024,Air India,6E867,HYD , BLR,07:18,07:54,36, YES
30205,01-02-2024,Air India,6E+196,HYD ,MAA,11:12,11:34,22,NO 
30206,15-02-2024,Air India,SG882,BOM, BLR,11:58,13:38,100,NO
30207,24-02-2024,SpiceJet,AI836,BOM,MAA,12:24,13:18,54,NO 
30208,04-01-2024,SpiceJet,6E911,DEL ,BOM,08:17,09:27,70, YES
30209,02-03-2024,Indigo ,SG165,MAA,DEL ,21:21,23:16,115, YES
30210,10-02-2024,Air India,6E549,BOM,DEL ,11:58,13:20,82, YES
30211,16-02-2024,Indigo ,6E424,DEL ,HYD ,01:30,03:15,105, YES
30212,25-02-2024,SpiceJet,AI722,MAA,BOM,09:49,11:38,109, YES
30213,01-03-2024,Air India,AI777, BLR,BOM,10:33,11:10,37, YES
30214,07-01-2024,SpiceJet,SG377,HYD ,BOM,10:05,11:51,106,NO
30215,02-02-2024,SpiceJet,AI403,HYD ,DEL ,01:38,02:04,26, YES
30216,29-02-2024,SpiceJet,6E705,MAA,HYD ,10:40,11:47,67, YES
30217,08-02-2024,SpiceJet,AI735,HYD , BLR,01:36,01:37,1,NO 
30218,14-01-2024,Indigo ,AI609,HYD ,HYD ,11:43,13:04,81, YES
30219,28-02-2024,Vistara ,SG597,HYD ,BOM,23:57,00:32,35,NO 
30220,06-03-2024,Air India,AI687,DEL ,BOM,22:59,00:37,98,NO 
30221,02-02-2024,Indigo ,6E+106,MAA,MAA,13:06,13:14,8,NO
30222,07-03-2024,Vistara ,SG537,MAA,HYD ,22:46,00:25,99,NO
30223,21-01-2024,Vistara ,SG140,BOM,BOM,07:32,07:51,19,NO 
30224,03-03-2024,SpiceJet,6E+275,MAA,HYD ,10:29,11:20,51, YES
30225,10-02-2024,Indigo ,SG696, BLR,BOM,08:33,08:47,14, YES
30226,02-02-2024,Vistara ,SG402, BLR, BLR,04:01,05:46,105, YES
30227,07-01-2024,Air India,AI671,MAA,BOM,21:51,23:16,85, YES
30228,29-01-2024,Indigo ,SG385,HYD , BLR,09:09,10:47,98,NO 
30229,09-03-2024,SpiceJet,SG425,DEL , BLR,01:34,01:55,21, YES
30230,07-02-2024,Air India,6E713,HYD ,MAA,16:07,16:57,50,NO
30231,27-01-2024,SpiceJet,AI429,DEL ,HYD ,16:21,18:05,104, YES
30232,21-01-2024,Air India,6E+133, BLR,HYD ,22:22,23:26,64, YES
30233,03-03-2024,SpiceJet,6E865, BLR,MAA,00:48,02:24,96, YES
30234,30-01-2024,SpiceJet,6E850,MAA, BLR,07:05,07:26,21,NO 
30235,10-02-2024,Vistara ,AI689,HYD ,MAA,18:56,19:52,56,NO
30236,13-01-2024,Indigo ,SG956, BLR,BOM,15:29,16:47,78, YES
30237,26-02-2024,Air India,SG7,DEL ,BOM,15:11,16:03,52,NO
30238,26-02-2024,Vistara ,SG131,MAA,MAA,18:13,19:57,104,NO
30239,07-01-2024,SpiceJet,6E566,MAA,DEL ,03:19,05:01,102,NO
30240,24-01-2024,SpiceJet,SG956,BOM,MAA,00:47,02:14,87,NO 
30241,02-03-2024,Indigo ,6E347,HYD , BLR,12:48,13:57,69,NO
30242,11-01-2024,Air India,600,DEL ,DEL ,15:44,15:49,5, YES
30243,23-01-2024,Air India,6E353, BLR,DEL ,10:48,11:43,55,NO
30244,09-01-2024,Vistara ,SG991,HYD ,HYD ,02:10,02:33,23,NO
30245,01-02-2024,Air India,AI144,DEL ,DEL ,17:47,18:23,36,NO
30246,06-03-2024,SpiceJet,6E+171, BLR,BOM,05:08,06:34,86,NO 
30247,15-02-2024,Indigo ,AI368, BLR,DEL ,16:00,16:55,55,NO 
30248,16-02-2024,Air India,SG323, BLR,MAA,16:03,17:00,57,NO
30249,23-02-2024,Air India,6E905,BOM,HYD ,04:19,06:02,103, YES
30250,09-02-2024,Vistara ,6E955,HYD , BLR,01:35,02:26,51, YES
30251,19-02-2024,Air India,AI202, BLR, BLR,19:54,19:54,0,NO
30252,15-02-2024,Vistara ,6E536, BLR,DEL ,22:22,23:02,40, YES
30253,18-01-2024,Vistara ,6E448,HYD ,DEL ,00:08,02:04,116,NO 
30254,08-03-2024,Air India,6E977,DEL ,BOM,18:31,19:48,77,NO 
30255,19-01-2024,Vistara ,SG488, BLR,MAA,02:49,02:51,2,NO 
30256,30-01-2024,Air India,6E709,HYD ,BOM,16:16,17:31,75, YES
30257,25-01-2024,Vistara ,6E+254,BOM, BLR,16:28,18:02,94,NO
30258,22-01-2024,Vistara ,AI525,DEL ,HYD ,10:31,12:19,108, YES
30259,02-03-2024,SpiceJet,SG474, BLR,HYD ,13:25,13:48,23,NO
30260,07-01-2024,SpiceJet,SG114,DEL ,BOM,22:07,22:43,36,NO 
30261,14-02-2024,Indigo ,AI433, BLR, BLR,18:14,20:06,112, YES
30262,07-01-2024,Vistara ,6E639,HYD ,DEL ,23:05,23:21,16, YES
30263,09-02-2024,Indigo ,AI741,MAA,BOM,01:56,02:07,11,NO
30264,28-02-2024,Indigo ,AI774,MAA,HYD ,20:44,22:03,79, YES
30265,21-01-2024,Vistara ,6E440,BOM,DEL ,19:31,20:29,58, YES
30266,05-03-2024,Indigo ,SG532,DEL ,DEL ,00:54,00:59,5,NO 
30267,05-01-2024,Air India,6E671,DEL ,HYD ,18:33,18:35,2,NO
30268,21-01-2024,Indigo ,SG547,DEL ,MAA,01:45,02:33,48,NO
30269,23-02-2024,Indigo ,SG106,DEL , BLR,16:21,17:09,48,NO 
30270,16-02-2024,Air India,AI318,BOM,DEL ,06:46,08:24,98,NO 
30271,09-02-2024,Indigo ,6E603,HYD ,HYD ,12:29,12:34,5,NO
30272,08-03-2024,Indigo ,6E530,MAA,BOM,16:00,18:00,120,NO
30273,21-02-2024,SpiceJet,6E+275,DEL ,BOM,07:37,08:50,73,NO 
30274,25-02-2024,Air India,6E516,DEL ,HYD ,00:41,01:46,65, YES
30275,09-02-2024,SpiceJet,AI389,MAA,BOM,02:50,04:17,87, YES
30276,19-01-2024,Indigo ,6E530, BLR,MAA,22:16,22:49,33,NO
30277,07-01-2024,Vistara ,SG179, BLR,MAA,23:38,00:15,37,NO 
30278,06-01-2024,Indigo ,SG586,HYD , BLR,02:31,03:15,44,NO
30279,10-01-2024,Vistara ,AI741,DEL ,BOM,19:34,20:51,77,NO
30280,07-03-2024,SpiceJet,6E541,HYD ,DEL ,20:07,21:04,57,NO
30281,03-01-2024,Air India,SG414,HYD ,DEL ,02:31,04:23,112,NO
30282,03-03-2024,Indigo ,AI429, BLR, BLR,14:49,16:01,72,NO 
30283,01-02-2024,SpiceJet,6E658,HYD ,BOM,09:12,10:14,62, YES
30284,06-03-2024,Indigo ,SG750,MAA,BOM,13:21,14:48,87, YES
30285,19-02-2024,Indigo ,6E495,BOM,MAA,17:33,19:08,95,NO 
30286,09-02-2024,Vistara ,6E614,BOM,BOM,08:19,08:36,17,NO 
30287,20-01-2024,Vistara ,AI163, BLR,MAA,00:06,01:28,82,NO 
30288,20-02-2024,Vistara ,AI887,MAA,MAA,19:32,21:31,119, YES
30289,27-01-2024,Vistara ,SG388,DEL ,BOM,20:38,21:33,55,NO 
30290,17-02-2024,Air India,6E361,DEL ,DEL ,05:43,06:07,24, YES
30291,13-01-2024,Indigo ,6E720,DEL ,MAA,10:02,10:53,51,NO 
30292,18-02-2024,SpiceJet,SG680,DEL ,HYD ,03:34,04:54,80, YES
30293,02-02-2024,Indigo ,AI340, BLR,HYD ,16:36,17:32,56, YES
30294,23-02-2024,Indigo ,AI781,MAA,MAA,23:49,01:35,106, YES
30295,06-02-2024,SpiceJet,AI206, BLR, BLR,22:14,22:48,34,NO 
30296,04-02-2024,Air India,AI578,MAA, BLR,08:03,08:44,41,NO 
30297,05-01-2024,Vistara ,AI585,MAA,HYD ,20:06,21:07,61, YES
30298,05-02-2024,Air India,6E957,MAA,HYD ,12:46,13:48,62, YES
30299,26-01-2024,Vistara ,AI919,DEL , BLR,19:06,21:00,114,NO 
30300,22-01-2024,Air India,SG236,MAA,BOM,15:07,16:45,98,NO
30301,23-01-2024,Vistara ,AI594,DEL , BLR,03:29,05:28,119, YES
30302,09-03-2024,Vistara ,SG909,DEL ,DEL ,10:33,11:14,41,NO 
30303,10-02-2024,Air India,AI557,BOM, BLR,03:44,05:40,116,NO
30304,14-02-2024,Indigo ,AI153,DEL ,DEL ,22:46,00:01,75,NO
30305,02-03-2024,Indigo ,AI822,BOM, BLR,13:53,15:07,74,NO
30306,03-01-2024,SpiceJet,SG913,HYD ,HYD ,09:47,11:24,97, YES
30307,17-01-2024,Indigo ,6E+104,MAA,HYD ,19:16,21:12,116,NO
30308,02-01-2024,Vistara ,6E+296, BLR,MAA,11:19,11:28,9,NO
30309,26-01-2024,Air India,SG481,HYD ,MAA,10:13,11:11,58,NO 
30310,07-02-2024,SpiceJet,AI179, BLR,DEL ,07:15,08:06,51,NO
30311,13-01-2024,SpiceJet,6E503, BLR,DEL ,12:25,13:46,81,NO 
30312,16-02-2024,Vistara ,AI429, BLR,DEL ,05:06,06:20,74, YES
30313,14-01-2024,SpiceJet,AI404,HYD ,MAA,06:51,08:50,119, YES
30314,08-02-2024,Vistara ,SG144,HYD , BLR,16:57,17:51,54, YES
30315,16-01-2024,Air India,AI241,HYD , BLR,04:46,06:30,104,NO 
30316,14-02-2024,Air India,6E998,HYD , BLR,18:05,18:50,45,NO
30317,04-03-2024,SpiceJet,6E+152,BOM,MAA,18:30,20:03,93, YES
30318,20-01-2024,SpiceJet,AI102,MAA,MAA,11:57,12:40,43,NO 
30319,18-01-2024,Vistara ,SG418, BLR, BLR,08:49,10:09,80,NO 
30320,01-01-2024,Air India,SG982,BOM, BLR,18:40,20:24,104,NO 
30321,02-03-2024,Air India,AI823,HYD ,MAA,14:57,15:37,40, YES
30322,04-01-2024,Air India,SG879, BLR,MAA,14:51,16:13,82, YES
30323,23-01-2024,Air India,6E706,MAA,DEL ,22:39,22:47,8,NO
30324,11-01-2024,Air India,AI648,BOM,MAA,14:26,15:03,37, YES
30325,07-01-2024,Indigo ,6E953, BLR, BLR,16:19,16:26,7, YES
30326,23-01-2024,Air India,6E808,BOM, BLR,17:56,19:04,68,NO 
30327,17-01-2024,Air India,SG548,BOM,DEL ,21:17,22:48,91, YES
30328,01-01-2024,Air India,6E+110,DEL ,BOM,05:40,05:59,19,NO 
30329,16-01-2024,Vistara ,AI306,HYD ,DEL ,22:39,23:04,25,NO
30330,21-01-2024,Air India,SG443, BLR,DEL ,06:51,08:40,109,NO 
30331,28-02-2024,Indigo ,6E810,DEL , BLR,09:27,09:27,0,NO 
30332,18-02-2024,Vistara ,AI401,DEL , BLR,18:52,19:34,42,NO
30333,02-03-2024,Air India,6E655,HYD ,BOM,21:36,21:59,23,NO
30334,12-01-2024,SpiceJet,AI108,HYD ,DEL ,04:06,04:48,42,NO
30335,09-02-2024,Vistara ,SG139,DEL ,BOM,00:46,02:23,97, YES
30336,21-01-2024,Air India,6E336,BOM,MAA,04:40,05:56,76, YES
30337,26-01-2024,Vistara ,AI468,DEL , BLR,17:16,18:01,45, YES
30338,10-01-2024,Air India,SG920, BLR,HYD ,02:04,04:02,118, YES
30339,11-01-2024,Vistara ,SG806,BOM,MAA,14:30,16:06,96, YES
30340,08-02-2024,SpiceJet,SG827,MAA, BLR,22:36,23:07,31,NO 
30341,01-03-2024,Indigo ,AI122, BLR, BLR,20:30,20:39,9,NO
30342,18-02-2024,SpiceJet,SG497,MAA,BOM,07:19,07:50,31, YES
30343,27-01-2024,Air India,SG958,BOM,BOM,01:22,01:18,-4,NO
30344,20-01-2024,Indigo ,SG922,BOM, BLR,03:30,03:26,-4, YES
30345,25-01-2024,Vistara ,AI790, BLR,DEL ,16:25,17:02,37,NO
30346,28-02-2024,Vistara ,6E+243, BLR,HYD ,15:44,17:25,101,NO 
30347,15-01-2024,Vistara ,AI194,DEL ,DEL ,13:40,14:09,29, YES
30348,27-01-2024,SpiceJet,AI183,BOM,BOM,06:16,08:13,117,NO
30349,20-02-2024,Indigo ,AI287,MAA,BOM,04:31,05:58,87, YES
30350,11-02-2024,Vistara ,SG844,BOM,MAA,10:11,11:45,94,NO
30351,26-02-2024,Air India,SG558,MAA,HYD ,19:58,21:22,84, YES
30352,09-01-2024,Indigo ,6E+190,DEL ,MAA,23:09,00:22,73, YES
30353,17-01-2024,SpiceJet,SG164,DEL , BLR,01:47,02:58,71,NO 
30354,09-01-2024,SpiceJet,6E491,DEL ,DEL ,23:10,23:56,46,NO
30355,07-03-2024,SpiceJet,AI213,DEL ,BOM,18:20,20:10,110,NO 
30356,22-02-2024,Indigo ,SG686,MAA, BLR,20:19,20:20,1,NO
30357,08-03-2024,Vistara ,SG295, BLR,MAA,02:39,03:51,72, YES
30358,25-02-2024,Indigo ,6E+127,MAA,DEL ,08:02,09:36,94,NO
30359,29-02-2024,Vistara ,6E975,BOM,BOM,03:26,03:34,8,NO 
30360,10-01-2024,Air India,6E+131,HYD ,HYD ,15:08,15:06,-2, YES
30361,13-01-2024,Indigo ,AI517,HYD ,DEL ,06:40,07:35,55, YES
30362,27-02-2024,SpiceJet,SG330,HYD ,DEL ,19:50,21:40,110,NO 
30363,03-01-2024,SpiceJet,AI349,BOM,DEL ,01:05,01:47,42,NO
30364,03-03-2024,Air India,AI682,HYD ,DEL ,21:31,21:30,-1,NO 
30365,25-02-2024,Air India,AI350,MAA,HYD ,17:56,18:02,6,NO
30366,28-02-2024,SpiceJet,SG672,MAA,HYD ,17:42,18:28,46,NO
30367,13-02-2024,SpiceJet,AI308,HYD ,BOM,22:43,00:42,119,NO
30368,15-02-2024,Indigo ,6E552,DEL ,HYD ,18:23,19:03,40, YES
30369,20-01-2024,SpiceJet,6E965,DEL ,BOM,14:00,15:56,116, YES
30370,05-02-2024,Vistara ,AI695,BOM,BOM,04:01,05:27,86,NO 
30371,11-02-2024,Indigo ,SG330,HYD ,MAA,21:54,22:08,14, YES
30372,20-01-2024,SpiceJet,AI931,HYD ,MAA,17:35,18:59,84,NO
30373,24-02-2024,SpiceJet,AI657,DEL , BLR,19:11,20:08,57, YES
30374,14-02-2024,Vistara ,6E748,HYD ,MAA,02:55,03:47,52, YES
30375,11-02-2024,Vistara ,6E+284,BOM,HYD ,05:28,06:02,34,NO
30376,22-02-2024,SpiceJet,SG131,MAA, BLR,00:57,02:06,69, YES
30377,10-02-2024,Indigo ,AI657,BOM,HYD ,10:51,11:04,13,NO
30378,09-01-2024,Air India,AI178,HYD , BLR,04:24,04:46,22,NO
30379,06-03-2024,Vistara ,6E+239,DEL ,HYD ,11:55,12:00,5,NO 
30380,28-01-2024,SpiceJet,AI4,MAA,BOM,15:16,17:07,111,NO
30381,08-01-2024,Vistara ,6E820,DEL ,HYD ,08:47,09:38,51,NO 
30382,07-01-2024,SpiceJet,AI750, BLR,BOM,22:58,23:34,36,NO 
30383,28-02-2024,Indigo ,AI215,DEL ,MAA,20:44,21:32,48,NO
30384,07-02-2024,SpiceJet,SG930,DEL ,HYD ,09:05,10:08,63,NO 
30385,24-01-2024,Air India,SG223, BLR, BLR,05:47,06:32,45, YES
30386,13-01-2024,Indigo ,AI674,BOM,MAA,03:46,05:41,115, YES
30387,09-03-2024,Vistara ,AI647,DEL ,DEL ,09:55,10:51,56,NO
30388,22-01-2024,Vistara ,SG919,BOM, BLR,03:06,04:31,85,NO 
30389,09-01-2024,Air India,6E475, BLR, BLR,16:47,18:16,89, YES
30390,24-02-2024,Indigo ,AI496,HYD ,MAA,07:10,08:09,59, YES
30391,03-01-2024,Vistara ,SG474,MAA,MAA,10:26,12:10,104,NO 
30392,30-01-2024,Vistara ,SG820,BOM,BOM,11:39,12:12,33, YES
30393,05-02-2024,Vistara ,AI414, BLR,MAA,03:14,05:05,111,NO 
30394,02-03-2024,SpiceJet,AI735,HYD , BLR,05:53,06:09,16,NO
30395,10-02-2024,Indigo ,AI489, BLR,DEL ,17:43,18:58,75,NO 
30396,07-02-2024,Vistara ,AI264,HYD ,HYD ,08:12,08:35,23, YES
30397,02-02-2024,Vistara ,6E606,DEL ,BOM,14:54,15:23,29,NO 
30398,17-01-2024,Indigo ,SG868,DEL ,DEL ,22:58,00:58,120,NO 
30399,20-02-2024,Indigo ,SG140,BOM,DEL ,21:59,23:11,72, YES
30400,27-02-2024,Air India,6E+155,MAA,HYD ,22:19,00:16,117, YES
30401,28-01-2024,Indigo ,6E412,BOM, BLR,05:29,07:23,114, YES
30402,16-01-2024,Air India,6E+240,BOM,HYD ,20:39,21:47,68, YES
30403,12-02-2024,SpiceJet,SG169,BOM, BLR,07:16,08:46,90,NO
30404,03-01-2024,Indigo ,6E640,DEL ,BOM,09:23,10:13,50, YES
30405,23-01-2024,Indigo ,SG224,HYD ,HYD ,00:47,02:15,88,NO
30406,04-03-2024,Indigo ,AI196,HYD ,BOM,07:55,09:42,107,NO 
30407,15-02-2024,SpiceJet,6E+203,DEL ,HYD ,23:04,00:48,104,NO
30408,11-01-2024,SpiceJet,6E849,BOM,DEL ,00:21,01:35,74, YES
30409,09-03-2024,Vistara ,SG188,HYD , BLR,07:50,08:02,12,NO
30410,01-02-2024,Air India,6E407, BLR,DEL ,03:50,04:38,48,NO
30411,09-03-2024,Air India,6E716,BOM,DEL ,10:57,11:53,56,NO 
30412,17-01-2024,SpiceJet,6E912,DEL ,HYD ,09:08,09:04,-4,NO 
30413,16-01-2024,Indigo ,6E990,MAA,HYD ,17:22,18:25,63,NO
30414,20-02-2024,Vistara ,SG6, BLR, BLR,21:04,21:13,9,NO
30415,19-01-2024,Vistara ,AI651,BOM, BLR,07:51,08:44,53,NO
30416,11-01-2024,Air India,SG437,HYD ,MAA,07:01,09:00,119,NO 
30417,23-02-2024,Air India,6E612,DEL ,MAA,02:01,02:53,52,NO
30418,12-02-2024,SpiceJet,SG774, BLR,HYD ,03:07,04:30,83,NO
30419,28-01-2024,Air India,AI104,MAA,DEL ,02:39,04:25,106, YES
30420,23-02-2024,Indigo ,6E+187, BLR,HYD ,20:35,20:33,-2,NO
30421,17-02-2024,Vistara ,6E+276,MAA,BOM,07:03,07:19,16, YES
30422,01-02-2024,SpiceJet,AI112,HYD ,MAA,16:35,17:03,28, YES
30423,21-01-2024,Indigo ,SG730,MAA,HYD ,23:01,23:39,38,NO
30424,12-02-2024,Air India,SG981,DEL ,HYD ,05:41,06:13,32,NO 
30425,01-03-2024,SpiceJet,SG333,DEL ,DEL ,15:52,16:19,27,NO 
30426,13-02-2024,Air India,AI763,BOM,HYD ,11:05,12:26,81, YES
30427,06-02-2024,SpiceJet,AI567,MAA,HYD ,14:22,15:02,40, YES
30428,12-02-2024,Air India,AI304,MAA,MAA,23:06,00:13,67,NO 
30429,18-02-2024,Air India,AI540,DEL ,BOM,11:24,13:18,114,NO
30430,12-02-2024,SpiceJet,6E+245,HYD ,BOM,10:16,10:39,23,NO 
30431,18-02-2024,Vistara ,AI719, BLR,DEL ,10:07,10:29,22,NO
30432,09-01-2024,Vistara ,SG852,MAA,DEL ,09:16,09:35,19,NO
30433,14-01-2024,Indigo ,SG863,BOM,BOM,15:22,16:57,95,NO 
30434,24-01-2024,Vistara ,AI827,HYD , BLR,17:18,17:30,12,NO
30435,17-01-2024,Indigo ,SG210, BLR, BLR,07:19,08:58,99, YES
30436,08-03-2024,Air India,SG445,MAA,DEL ,06:44,07:03,19,NO 
30437,17-01-2024,SpiceJet,6E+216,BOM,HYD ,20:11,21:34,83,NO
30438,04-02-2024,Indigo ,AI715,BOM,DEL ,15:11,16:19,68,NO
30439,26-02-2024,Air India,AI650,HYD ,DEL ,22:59,00:48,109,NO 
30440,21-02-2024,Air India,AI655,BOM,DEL ,12:55,14:02,67,NO
30441,21-02-2024,Air India,SG455,DEL ,MAA,21:16,21:20,4, YES
30442,21-01-2024,SpiceJet,SG767,HYD ,DEL ,12:09,12:21,12, YES
30443,24-02-2024,SpiceJet,6E957,DEL ,BOM,00:09,01:22,73, YES
30444,23-01-2024,Vistara ,SG812,BOM,HYD ,15:09,16:43,94,NO
30445,09-03-2024,Indigo ,6E451,BOM, BLR,01:44,03:18,94, YES
30446,30-01-2024,Indigo ,6E554, BLR,BOM,07:39,09:26,107,NO
30447,20-02-2024,Indigo ,AI343,BOM,HYD ,04:13,05:54,101, YES
30448,22-01-2024,Vistara ,SG512,HYD ,BOM,14:52,16:00,68, YES
30449,04-02-2024,Indigo ,SG773, BLR,BOM,21:48,23:21,93, YES
30450,01-03-2024,SpiceJet,6E+279,MAA,BOM,15:52,17:40,108,NO 
30451,09-03-2024,Air India,6E764,BOM,HYD ,08:11,09:09,58,NO 
30452,21-01-2024,Vistara ,AI797,BOM,DEL ,13:55,14:31,36, YES
30453,22-02-2024,Vistara ,AI571,HYD ,BOM,08:00,09:01,61,NO 
30454,28-02-2024,Vistara ,6E989,DEL ,DEL ,22:57,00:02,65,NO 
30455,04-02-2024,SpiceJet,6E875,DEL ,MAA,20:33,20:59,26,NO
30456,20-02-2024,Indigo ,SG491,HYD ,HYD ,21:49,23:29,100,NO
30457,28-01-2024,Vistara ,AI141,BOM, BLR,11:50,13:09,79, YES
30458,11-01-2024,Vistara ,6E680,DEL ,MAA,04:24,05:23,59,NO
30459,04-03-2024,SpiceJet,SG719, BLR,MAA,12:49,12:58,9,NO 
30460,10-01-2024,Indigo ,AI510,DEL ,HYD ,17:00,16:57,-3,NO
30461,02-01-2024,Air India,6E+107,HYD ,DEL ,17:06,18:19,73,NO
30462,07-01-2024,Indigo ,SG976,DEL , BLR,08:58,09:25,27, YES
30463,09-02-2024,Air India,6E737,BOM,DEL ,23:08,23:33,25, YES
30464,13-01-2024,Vistara ,SG108,MAA,DEL ,11:48,12:17,29, YES
30465,18-01-2024,SpiceJet,SG994,BOM,BOM,03:04,03:45,41,NO 
30466,07-02-2024,SpiceJet,6E459,HYD ,HYD ,20:10,20:54,44, YES
30467,21-02-2024,Air India,SG407,DEL ,MAA,03:50,05:24,94,NO
30468,02-01-2024,Indigo ,6E741,HYD ,BOM,22:16,00:15,119,NO
30469,26-02-2024,SpiceJet,SG623,HYD ,BOM,19:46,19:57,11, YES
30470,02-02-2024,Indigo ,AI802,MAA,BOM,08:47,10:32,105,NO
30471,26-02-2024,SpiceJet,SG548,BOM,MAA,14:45,14:58,13,NO
30472,21-01-2024,SpiceJet,SG1,DEL , BLR,17:36,17:42,6, YES
30473,08-01-2024,Air India,6E627,DEL , BLR,10:57,11:33,36,NO 
30474,18-02-2024,Air India,SG669,DEL ,HYD ,16:08,17:05,57, YES
30475,07-02-2024,Air India,SG640,DEL ,HYD ,00:45,01:15,30,NO 
30476,09-01-2024,Indigo ,SG148,HYD ,HYD ,13:29,14:53,84,NO
30477,26-01-2024,Vistara ,SG463,BOM, BLR,03:24,04:27,63,NO 
30478,19-02-2024,Vistara ,6E911,MAA,HYD ,06:37,06:58,21, YES
30479,05-02-2024,Indigo ,6E+285,DEL ,HYD ,01:30,02:18,48,NO 
30480,28-01-2024,Air India,AI815, BLR, BLR,00:13,01:57,104, YES
30481,11-02-2024,SpiceJet,SG557,MAA,DEL ,13:23,14:34,71, YES
30482,15-01-2024,Air India,6E413,HYD ,MAA,18:32,20:10,98,NO 
30483,11-01-2024,Indigo ,AI826, BLR,DEL ,07:17,09:00,103, YES
30484,04-03-2024,Vistara ,SG267,MAA,BOM,15:58,17:23,85,NO
30485,27-01-2024,Air India,AI446,MAA,DEL ,13:32,13:27,-5,NO
30486,09-03-2024,Air India,SG448,HYD ,BOM,22:54,00:32,98,NO
30487,09-02-2024,Air India,SG130,DEL ,DEL ,08:30,09:40,70,NO
30488,27-01-2024,Air India,SG961,MAA,MAA,03:03,03:50,47,NO
30489,14-01-2024,Indigo ,AI523,HYD , BLR,19:05,20:45,100,NO 
30490,25-01-2024,SpiceJet,SG136,HYD ,DEL ,13:20,14:46,86,NO 
30491,10-02-2024,Air India,6E938,MAA,DEL ,20:15,20:22,7, YES
30492,05-01-2024,Indigo ,AI503,HYD ,MAA,16:55,18:26,91,NO 
30493,15-02-2024,Air India,AI160,HYD ,HYD ,15:02,16:40,98,NO 
30494,13-02-2024,SpiceJet,6E404,MAA,MAA,00:46,01:03,17,NO
30495,14-02-2024,Vistara ,6E950,DEL ,HYD ,06:26,06:38,12,NO 
30496,06-01-2024,Vistara ,SG914, BLR,BOM,18:20,18:54,34,NO
30497,20-01-2024,Indigo ,6E441,MAA,MAA,08:05,09:06,61, YES
30498,16-02-2024,Air India,AI374,DEL ,HYD ,07:49,09:39,110, YES
30499,25-02-2024,SpiceJet,6E950,MAA,MAA,23:51,00:02,11,NO
30500,31-01-2024,Indigo ,6E593,DEL ,DEL ,06:07,06:22,15,NO
30501,16-02-2024,Indigo ,SG473,BOM,HYD ,00:06,01:24,78,NO
30502,23-02-2024,Indigo ,6E945, BLR,MAA,06:20,07:01,41,NO 
30503,18-02-2024,Indigo ,SG801,HYD ,BOM,18:03,19:33,90, YES
30504,09-02-2024,Vistara ,6E823,MAA,DEL ,06:00,06:37,37,NO
30505,01-03-2024,Air India,AI697,MAA,BOM,07:09,07:04,-5, YES
30506,26-02-2024,Vistara ,AI784,DEL ,MAA,14:54,16:29,95,NO 
30507,18-01-2024,SpiceJet,6E796, BLR,DEL ,06:43,07:11,28,NO 
30508,16-02-2024,Air India,AI508, BLR,MAA,07:49,09:34,105,NO 
30509,11-02-2024,Indigo ,SG652, BLR,DEL ,14:46,15:03,17,NO 
30510,08-01-2024,Indigo ,SG176,HYD ,DEL ,07:53,08:36,43,NO 
30511,29-01-2024,Air India,SG451,BOM,MAA,21:59,23:53,114,NO 
30512,21-01-2024,SpiceJet,6E312,HYD ,MAA,03:40,04:14,34,NO 
30513,31-01-2024,Indigo ,6E380,BOM,DEL ,13:52,14:57,65,NO 
30514,03-01-2024,Indigo ,AI637,BOM,HYD ,12:18,13:10,52, YES
30515,12-01-2024,Indigo ,SG438, BLR,BOM,07:57,09:35,98,NO
30516,24-01-2024,SpiceJet,6E628,BOM, BLR,01:29,02:48,79,NO 
30517,08-02-2024,Air India,6E625,DEL ,BOM,21:02,22:56,114, YES
30518,28-01-2024,Air India,6E999,DEL ,DEL ,12:44,13:01,17,NO
30519,19-01-2024,SpiceJet,AI543,DEL , BLR,08:46,09:40,54,NO 
30520,22-02-2024,Air India,AI485,DEL ,HYD ,02:33,04:02,89,NO 
30521,14-01-2024,Indigo ,6E926,DEL ,MAA,05:08,06:13,65,NO
30522,26-01-2024,SpiceJet,6E426,MAA,DEL ,08:44,09:07,23, YES
30523,22-01-2024,Indigo ,AI864, BLR,BOM,08:40,10:11,91,NO
30524,06-03-2024,Indigo ,SG497,MAA,MAA,18:07,18:34,27,NO
30525,28-02-2024,SpiceJet,SG343,BOM, BLR,14:45,16:21,96,NO 
30526,16-02-2024,SpiceJet,SG226,DEL ,BOM,17:32,18:00,28,NO
30527,15-02-2024,SpiceJet,AI688, BLR,DEL ,04:07,05:20,73,NO 
30528,25-01-2024,SpiceJet,AI783,BOM,MAA,12:23,13:52,89,NO 
30529,27-02-2024,SpiceJet,AI176, BLR, BLR,07:07,08:51,104,NO 
30530,29-01-2024,Air India,SG140,DEL ,BOM,03:37,05:03,86, YES
30531,23-01-2024,Indigo ,SG784, BLR, BLR,00:50,00:45,-5,NO
30532,22-02-2024,SpiceJet,AI621,MAA,HYD ,09:22,11:10,108,NO
30533,23-02-2024,SpiceJet,AI877, BLR,BOM,07:31,09:25,114,NO 
30534,17-02-2024,Indigo ,SG478,BOM, BLR,21:21,21:50,29,NO 
30535,15-01-2024,SpiceJet,6E787,HYD , BLR,03:21,03:32,11,NO
30536,06-03-2024,Indigo ,AI502,DEL ,MAA,22:53,00:33,100, YES
30537,19-02-2024,Vistara ,AI372,BOM, BLR,09:28,11:13,105,NO 
30538,14-01-2024,Vistara ,6E804,DEL ,DEL ,10:18,11:19,61,NO 
30539,06-02-2024,Indigo ,6E+279, BLR, BLR,00:15,01:16,61,NO
30540,22-01-2024,Indigo ,AI983,BOM, BLR,14:25,14:34,9,NO 
30541,12-02-2024,Vistara ,SG491,BOM,DEL ,16:32,18:24,112,NO
30542,25-02-2024,SpiceJet,6E737,BOM,DEL ,01:49,02:21,32,NO 
30543,19-02-2024,SpiceJet,SG450,HYD ,BOM,11:31,12:26,55, YES
30544,21-02-2024,Vistara ,SG856,HYD , BLR,09:47,10:38,51, YES
30545,12-02-2024,Air India,AI917,DEL ,DEL ,04:41,06:02,81,NO
30546,15-02-2024,Indigo ,SG911,DEL ,HYD ,17:43,18:26,43, YES
30547,20-01-2024,Indigo ,AI253,DEL ,HYD ,16:14,16:32,18,NO
30548,06-03-2024,SpiceJet,6E984,BOM,HYD ,18:12,19:49,97,NO 
30549,28-02-2024,Air India,SG801, BLR, BLR,14:53,16:27,94, YES
